mapping_id,role_id,sub_menu_id,privilege_id,created_by,created_date,last_modified_by,last_modified_date
231,1,45,1,,2026-01-04 10:40:30.498837,,
232,1,45,2,,2026-01-04 10:40:30.498837,,
233,1,45,3,,2026-01-04 10:40:30.498837,,
234,1,45,4,,2026-01-04 10:40:30.498837,,
235,1,46,1,,2026-01-04 10:40:30.498837,,
236,1,46,2,,2026-01-04 10:40:30.498837,,
237,1,46,3,,2026-01-04 10:40:30.498837,,
238,1,46,4,,2026-01-04 10:40:30.498837,,
239,1,47,1,,2026-01-04 10:40:30.498837,,
240,1,47,2,,2026-01-04 10:40:30.498837,,
241,1,47,3,,2026-01-04 10:40:30.498837,,
242,1,47,4,,2026-01-04 10:40:30.498837,,
243,1,48,1,,2026-01-04 10:40:30.498837,,
244,1,48,2,,2026-01-04 10:40:30.498837,,
245,1,48,3,,2026-01-04 10:40:30.498837,,
246,1,48,4,,2026-01-04 10:40:30.498837,,
247,1,49,1,,2026-01-04 10:40:30.498837,,
248,1,49,2,,2026-01-04 10:40:30.498837,,
249,1,49,3,,2026-01-04 10:40:30.498837,,
250,1,49,4,,2026-01-04 10:40:30.498837,,
251,1,50,1,,2026-01-04 10:40:30.498837,,
252,1,50,2,,2026-01-04 10:40:30.498837,,
253,1,50,3,,2026-01-04 10:40:30.498837,,
254,1,50,4,,2026-01-04 10:40:30.498837,,
255,1,51,1,,2026-01-04 10:40:30.498837,,
256,1,51,2,,2026-01-04 10:40:30.498837,,
257,1,51,3,,2026-01-04 10:40:30.498837,,
258,1,51,4,,2026-01-04 10:40:30.498837,,
259,1,52,1,,2026-01-04 10:40:30.498837,,
260,1,52,2,,2026-01-04 10:40:30.498837,,
261,1,52,3,,2026-01-04 10:40:30.498837,,
262,1,52,4,,2026-01-04 10:40:30.498837,,
263,1,53,1,,2026-01-04 10:40:30.498837,,
264,1,53,2,,2026-01-04 10:40:30.498837,,
265,1,53,3,,2026-01-04 10:40:30.498837,,
266,1,53,4,,2026-01-04 10:40:30.498837,,
267,1,54,1,,2026-01-04 10:40:30.498837,,
268,1,54,2,,2026-01-04 10:40:30.498837,,
269,1,54,3,,2026-01-04 10:40:30.498837,,
270,1,54,4,,2026-01-04 10:40:30.498837,,
271,1,55,1,,2026-01-04 10:40:30.498837,,
272,1,55,2,,2026-01-04 10:40:30.498837,,
273,1,55,3,,2026-01-04 10:40:30.498837,,
274,1,55,4,,2026-01-04 10:40:30.498837,,
275,1,56,1,,2026-01-04 10:40:30.498837,,
276,1,56,2,,2026-01-04 10:40:30.498837,,
277,1,56,3,,2026-01-04 10:40:30.498837,,
278,1,56,4,,2026-01-04 10:40:30.498837,,
279,1,57,1,,2026-01-04 10:40:30.498837,,
280,1,57,2,,2026-01-04 10:40:30.498837,,
281,1,57,3,,2026-01-04 10:40:30.498837,,
282,1,57,4,,2026-01-04 10:40:30.498837,,
283,1,59,1,,2026-01-04 10:40:30.498837,,
284,1,59,2,,2026-01-04 10:40:30.498837,,
285,1,59,3,,2026-01-04 10:40:30.498837,,
286,1,59,4,,2026-01-04 10:40:30.498837,,
287,1,58,1,,2026-01-04 10:40:30.498837,,
288,1,58,2,,2026-01-04 10:40:30.498837,,
289,1,58,3,,2026-01-04 10:40:30.498837,,
290,1,58,4,,2026-01-04 10:40:30.498837,,
291,1,61,1,,2026-01-04 10:40:30.498837,,
292,1,61,2,,2026-01-04 10:40:30.498837,,
293,1,61,3,,2026-01-04 10:40:30.498837,,
294,1,61,4,,2026-01-04 10:40:30.498837,,
295,1,63,1,,2026-01-04 10:40:30.498837,,
296,1,63,2,,2026-01-04 10:40:30.498837,,
297,1,63,3,,2026-01-04 10:40:30.498837,,
298,1,63,4,,2026-01-04 10:40:30.498837,,
299,1,62,1,,2026-01-04 10:40:30.498837,,
300,1,62,2,,2026-01-04 10:40:30.498837,,
301,1,62,3,,2026-01-04 10:40:30.498837,,
302,1,62,4,,2026-01-04 10:40:30.498837,,
303,1,60,1,,2026-01-04 10:40:30.498837,,
304,1,60,2,,2026-01-04 10:40:30.498837,,
305,1,60,3,,2026-01-04 10:40:30.498837,,
306,1,60,4,,2026-01-04 10:40:30.498837,,
307,1,64,1,,2026-01-04 10:40:30.498837,,
308,1,64,2,,2026-01-04 10:40:30.498837,,
309,1,64,3,,2026-01-04 10:40:30.498837,,
310,1,64,4,,2026-01-04 10:40:30.498837,,
311,1,65,1,,2026-01-04 10:40:30.498837,,
312,1,65,2,,2026-01-04 10:40:30.498837,,
313,1,65,3,,2026-01-04 10:40:30.498837,,
314,1,65,4,,2026-01-04 10:40:30.498837,,
315,11,45,1,SYSTEM,2026-02-10 04:15:42.8382,SYSTEM,2026-02-10 04:15:42.8382
316,11,45,2,SYSTEM,2026-02-10 04:15:42.8382,SYSTEM,2026-02-10 04:15:42.8382
317,11,45,3,SYSTEM,2026-02-10 04:15:42.8382,SYSTEM,2026-02-10 04:15:42.8382
318,11,45,4,SYSTEM,2026-02-10 04:15:42.8382,SYSTEM,2026-02-10 04:15:42.8382
319,11,45,5,SYSTEM,2026-02-10 04:15:42.8382,SYSTEM,2026-02-10 04:15:42.8382
320,11,46,1,SYSTEM,2026-02-10 04:15:42.8382,SYSTEM,2026-02-10 04:15:42.8382
321,11,46,2,SYSTEM,2026-02-10 04:15:42.8382,SYSTEM,2026-02-10 04:15:42.8382
322,11,46,3,SYSTEM,2026-02-10 04:15:42.8382,SYSTEM,2026-02-10 04:15:42.8382
323,11,46,4,SYSTEM,2026-02-10 04:15:42.8382,SYSTEM,2026-02-10 04:15:42.8382
324,11,46,5,SYSTEM,2026-02-10 04:15:42.8382,SYSTEM,2026-02-10 04:15:42.8382
325,11,47,1,SYSTEM,2026-02-10 04:15:42.8382,SYSTEM,2026-02-10 04:15:42.8382
326,11,47,2,SYSTEM,2026-02-10 04:15:42.8382,SYSTEM,2026-02-10 04:15:42.8382
327,11,47,3,SYSTEM,2026-02-10 04:15:42.8382,SYSTEM,2026-02-10 04:15:42.8382
328,11,47,4,SYSTEM,2026-02-10 04:15:42.8382,SYSTEM,2026-02-10 04:15:42.8382
329,11,47,5,SYSTEM,2026-02-10 04:15:42.8382,SYSTEM,2026-02-10 04:15:42.8382
330,11,48,1,SYSTEM,2026-02-10 04:15:42.8382,SYSTEM,2026-02-10 04:15:42.8382
331,11,48,2,SYSTEM,2026-02-10 04:15:42.8382,SYSTEM,2026-02-10 04:15:42.8382
332,11,48,3,SYSTEM,2026-02-10 04:15:42.8382,SYSTEM,2026-02-10 04:15:42.8382
333,11,48,4,SYSTEM,2026-02-10 04:15:42.8382,SYSTEM,2026-02-10 04:15:42.8382
334,11,48,5,SYSTEM,2026-02-10 04:15:42.8382,SYSTEM,2026-02-10 04:15:42.8382
335,11,49,1,SYSTEM,2026-02-10 04:15:42.8382,SYSTEM,2026-02-10 04:15:42.8382
336,11,49,2,SYSTEM,2026-02-10 04:15:42.8382,SYSTEM,2026-02-10 04:15:42.8382
337,11,49,3,SYSTEM,2026-02-10 04:15:42.8382,SYSTEM,2026-02-10 04:15:42.8382
338,11,49,4,SYSTEM,2026-02-10 04:15:42.8382,SYSTEM,2026-02-10 04:15:42.8382
339,11,49,5,SYSTEM,2026-02-10 04:15:42.8382,SYSTEM,2026-02-10 04:15:42.8382
340,11,50,1,SYSTEM,2026-02-10 04:15:42.8382,SYSTEM,2026-02-10 04:15:42.8382
341,11,50,2,SYSTEM,2026-02-10 04:15:42.8382,SYSTEM,2026-02-10 04:15:42.8382
342,11,50,3,SYSTEM,2026-02-10 04:15:42.8382,SYSTEM,2026-02-10 04:15:42.8382
343,11,50,4,SYSTEM,2026-02-10 04:15:42.8382,SYSTEM,2026-02-10 04:15:42.8382
344,11,50,5,SYSTEM,2026-02-10 04:15:42.8382,SYSTEM,2026-02-10 04:15:42.8382
345,11,51,1,SYSTEM,2026-02-10 04:15:42.8382,SYSTEM,2026-02-10 04:15:42.8382
346,11,51,2,SYSTEM,2026-02-10 04:15:42.8382,SYSTEM,2026-02-10 04:15:42.8382
347,11,51,3,SYSTEM,2026-02-10 04:15:42.8382,SYSTEM,2026-02-10 04:15:42.8382
348,11,51,4,SYSTEM,2026-02-10 04:15:42.8382,SYSTEM,2026-02-10 04:15:42.8382
349,11,51,5,SYSTEM,2026-02-10 04:15:42.8382,SYSTEM,2026-02-10 04:15:42.8382
350,11,52,1,SYSTEM,2026-02-10 04:15:42.8382,SYSTEM,2026-02-10 04:15:42.8382
351,11,52,2,SYSTEM,2026-02-10 04:15:42.8382,SYSTEM,2026-02-10 04:15:42.8382
352,11,52,3,SYSTEM,2026-02-10 04:15:42.8382,SYSTEM,2026-02-10 04:15:42.8382
353,11,52,4,SYSTEM,2026-02-10 04:15:42.8382,SYSTEM,2026-02-10 04:15:42.8382
354,11,52,5,SYSTEM,2026-02-10 04:15:42.8382,SYSTEM,2026-02-10 04:15:42.8382
355,11,53,1,SYSTEM,2026-02-10 04:15:42.8382,SYSTEM,2026-02-10 04:15:42.8382
356,11,53,2,SYSTEM,2026-02-10 04:15:42.8382,SYSTEM,2026-02-10 04:15:42.8382
357,11,53,3,SYSTEM,2026-02-10 04:15:42.8382,SYSTEM,2026-02-10 04:15:42.8382
358,11,53,4,SYSTEM,2026-02-10 04:15:42.8382,SYSTEM,2026-02-10 04:15:42.8382
359,11,53,5,SYSTEM,2026-02-10 04:15:42.8382,SYSTEM,2026-02-10 04:15:42.8382
360,11,54,1,SYSTEM,2026-02-10 04:15:42.8382,SYSTEM,2026-02-10 04:15:42.8382
361,11,54,2,SYSTEM,2026-02-10 04:15:42.8382,SYSTEM,2026-02-10 04:15:42.8382
362,11,54,3,SYSTEM,2026-02-10 04:15:42.8382,SYSTEM,2026-02-10 04:15:42.8382
363,11,54,4,SYSTEM,2026-02-10 04:15:42.8382,SYSTEM,2026-02-10 04:15:42.8382
364,11,54,5,SYSTEM,2026-02-10 04:15:42.8382,SYSTEM,2026-02-10 04:15:42.8382
365,11,55,1,SYSTEM,2026-02-10 04:15:42.8382,SYSTEM,2026-02-10 04:15:42.8382
366,11,55,2,SYSTEM,2026-02-10 04:15:42.8382,SYSTEM,2026-02-10 04:15:42.8382
367,11,55,3,SYSTEM,2026-02-10 04:15:42.8382,SYSTEM,2026-02-10 04:15:42.8382
368,11,55,4,SYSTEM,2026-02-10 04:15:42.8382,SYSTEM,2026-02-10 04:15:42.8382
369,11,55,5,SYSTEM,2026-02-10 04:15:42.8382,SYSTEM,2026-02-10 04:15:42.8382
370,11,56,1,SYSTEM,2026-02-10 04:15:42.8382,SYSTEM,2026-02-10 04:15:42.8382
371,11,56,2,SYSTEM,2026-02-10 04:15:42.8382,SYSTEM,2026-02-10 04:15:42.8382
372,11,56,3,SYSTEM,2026-02-10 04:15:42.8382,SYSTEM,2026-02-10 04:15:42.8382
373,11,56,4,SYSTEM,2026-02-10 04:15:42.8382,SYSTEM,2026-02-10 04:15:42.8382
374,11,56,5,SYSTEM,2026-02-10 04:15:42.8382,SYSTEM,2026-02-10 04:15:42.8382
375,11,57,1,SYSTEM,2026-02-10 04:15:42.8382,SYSTEM,2026-02-10 04:15:42.8382
376,11,57,2,SYSTEM,2026-02-10 04:15:42.8382,SYSTEM,2026-02-10 04:15:42.8382
377,11,57,3,SYSTEM,2026-02-10 04:15:42.8382,SYSTEM,2026-02-10 04:15:42.8382
378,11,57,4,SYSTEM,2026-02-10 04:15:42.8382,SYSTEM,2026-02-10 04:15:42.8382
379,11,57,5,SYSTEM,2026-02-10 04:15:42.8382,SYSTEM,2026-02-10 04:15:42.8382
380,11,59,1,SYSTEM,2026-02-10 04:15:42.8382,SYSTEM,2026-02-10 04:15:42.8382
381,11,59,2,SYSTEM,2026-02-10 04:15:42.8382,SYSTEM,2026-02-10 04:15:42.8382
382,11,59,3,SYSTEM,2026-02-10 04:15:42.8382,SYSTEM,2026-02-10 04:15:42.8382
383,11,59,4,SYSTEM,2026-02-10 04:15:42.8382,SYSTEM,2026-02-10 04:15:42.8382
384,11,59,5,SYSTEM,2026-02-10 04:15:42.8382,SYSTEM,2026-02-10 04:15:42.8382
385,11,58,1,SYSTEM,2026-02-10 04:15:42.8382,SYSTEM,2026-02-10 04:15:42.8382
386,11,58,2,SYSTEM,2026-02-10 04:15:42.8382,SYSTEM,2026-02-10 04:15:42.8382
387,11,58,3,SYSTEM,2026-02-10 04:15:42.8382,SYSTEM,2026-02-10 04:15:42.8382
388,11,58,4,SYSTEM,2026-02-10 04:15:42.8382,SYSTEM,2026-02-10 04:15:42.8382
389,11,58,5,SYSTEM,2026-02-10 04:15:42.8382,SYSTEM,2026-02-10 04:15:42.8382
390,11,61,1,SYSTEM,2026-02-10 04:15:42.8382,SYSTEM,2026-02-10 04:15:42.8382
391,11,61,2,SYSTEM,2026-02-10 04:15:42.8382,SYSTEM,2026-02-10 04:15:42.8382
392,11,61,3,SYSTEM,2026-02-10 04:15:42.8382,SYSTEM,2026-02-10 04:15:42.8382
393,11,61,4,SYSTEM,2026-02-10 04:15:42.8382,SYSTEM,2026-02-10 04:15:42.8382
394,11,61,5,SYSTEM,2026-02-10 04:15:42.8382,SYSTEM,2026-02-10 04:15:42.8382
395,11,63,1,SYSTEM,2026-02-10 04:15:42.8382,SYSTEM,2026-02-10 04:15:42.8382
396,11,63,2,SYSTEM,2026-02-10 04:15:42.8382,SYSTEM,2026-02-10 04:15:42.8382
397,11,63,3,SYSTEM,2026-02-10 04:15:42.8382,SYSTEM,2026-02-10 04:15:42.8382
398,11,63,4,SYSTEM,2026-02-10 04:15:42.8382,SYSTEM,2026-02-10 04:15:42.8382
399,11,63,5,SYSTEM,2026-02-10 04:15:42.8382,SYSTEM,2026-02-10 04:15:42.8382
400,11,62,1,SYSTEM,2026-02-10 04:15:42.8382,SYSTEM,2026-02-10 04:15:42.8382
401,11,62,2,SYSTEM,2026-02-10 04:15:42.8382,SYSTEM,2026-02-10 04:15:42.8382
402,11,62,3,SYSTEM,2026-02-10 04:15:42.8382,SYSTEM,2026-02-10 04:15:42.8382
403,11,62,4,SYSTEM,2026-02-10 04:15:42.8382,SYSTEM,2026-02-10 04:15:42.8382
404,11,62,5,SYSTEM,2026-02-10 04:15:42.8382,SYSTEM,2026-02-10 04:15:42.8382
405,11,60,1,SYSTEM,2026-02-10 04:15:42.8382,SYSTEM,2026-02-10 04:15:42.8382
406,11,60,2,SYSTEM,2026-02-10 04:15:42.8382,SYSTEM,2026-02-10 04:15:42.8382
407,11,60,3,SYSTEM,2026-02-10 04:15:42.8382,SYSTEM,2026-02-10 04:15:42.8382
408,11,60,4,SYSTEM,2026-02-10 04:15:42.8382,SYSTEM,2026-02-10 04:15:42.8382
409,11,60,5,SYSTEM,2026-02-10 04:15:42.8382,SYSTEM,2026-02-10 04:15:42.8382
410,11,65,1,SYSTEM,2026-02-10 04:15:42.8382,SYSTEM,2026-02-10 04:15:42.8382
411,11,65,2,SYSTEM,2026-02-10 04:15:42.8382,SYSTEM,2026-02-10 04:15:42.8382
412,11,65,3,SYSTEM,2026-02-10 04:15:42.8382,SYSTEM,2026-02-10 04:15:42.8382
413,11,65,4,SYSTEM,2026-02-10 04:15:42.8382,SYSTEM,2026-02-10 04:15:42.8382
414,11,65,5,SYSTEM,2026-02-10 04:15:42.8382,SYSTEM,2026-02-10 04:15:42.8382
415,11,64,1,SYSTEM,2026-02-10 04:15:42.8382,SYSTEM,2026-02-10 04:15:42.8382
416,11,64,2,SYSTEM,2026-02-10 04:15:42.8382,SYSTEM,2026-02-10 04:15:42.8382
417,11,64,3,SYSTEM,2026-02-10 04:15:42.8382,SYSTEM,2026-02-10 04:15:42.8382
418,11,64,4,SYSTEM,2026-02-10 04:15:42.8382,SYSTEM,2026-02-10 04:15:42.8382
419,11,64,5,SYSTEM,2026-02-10 04:15:42.8382,SYSTEM,2026-02-10 04:15:42.8382
